index,e,n,u
1,548.898390,-811.167000,0.0
2,549.220412,-810.784577,0.0
3,549.542435,-810.402154,0.0
4,549.864457,-810.019730,0.0
5,550.186479,-809.637307,0.0
6,550.508502,-809.254884,0.0
7,550.830730,-808.872690,0.0
8,551.152959,-808.490495,0.0
9,551.475188,-808.108301,0.0
10,551.797416,-807.726107,0.0
11,552.119645,-807.343913,0.0
12,552.441874,-806.961719,0.0
13,552.762855,-806.578470,0.0
14,553.083836,-806.195222,0.0
15,553.404818,-805.811974,0.0
16,553.725799,-805.428726,0.0
17,554.046781,-805.045478,0.0
18,554.367762,-804.662229,0.0
19,554.688728,-804.278968,0.0
20,555.009693,-803.895707,0.0
21,555.330659,-803.512445,0.0
22,555.651625,-803.129184,0.0
23,555.972590,-802.745922,0.0
24,556.293556,-802.362661,0.0
25,556.618060,-801.982395,0.0
26,556.942564,-801.602129,0.0
27,557.267067,-801.221864,0.0
28,557.592428,-800.842332,0.0
29,557.917788,-800.462800,0.0
30,558.243148,-800.083268,0.0
31,558.568716,-799.703915,0.0
32,558.894285,-799.324562,0.0
33,559.219853,-798.945209,0.0
34,559.545472,-798.565899,0.0
35,559.871092,-798.186590,0.0
36,560.196711,-797.807280,0.0
37,560.522344,-797.427983,0.0
38,560.847977,-797.048685,0.0
39,561.173610,-796.669388,0.0
40,561.499243,-796.290090,0.0
41,561.824876,-795.910792,0.0
42,562.149071,-795.530273,0.0
43,562.473266,-795.149753,0.0
44,562.796736,-794.768621,0.0
45,563.120206,-794.387488,0.0
46,563.443676,-794.006356,0.0
47,563.767146,-793.625223,0.0
48,564.090601,-793.244077,0.0
49,564.376826,-792.906801,0.0
50,564.376826,-792.906801,0.0
51,564.700296,-792.525669,0.0
52,565.023767,-792.144537,0.0
53,565.347237,-791.763405,0.0
54,565.670707,-791.382273,0.0
55,565.994377,-791.001295,0.0
56,566.318046,-790.620318,0.0
57,566.641798,-790.239442,0.0
58,566.965549,-789.858566,0.0
59,567.289300,-789.477690,0.0
60,567.613062,-789.096828,0.0
61,567.936824,-788.715966,0.0
62,568.260586,-788.335103,0.0
63,568.584349,-787.954242,0.0
64,568.908112,-787.573382,0.0
65,569.231875,-787.192521,0.0
66,569.555638,-786.811660,0.0
67,569.879401,-786.430800,0.0
68,570.203164,-786.049939,0.0
69,570.526928,-785.669079,0.0
70,570.850691,-785.288218,0.0
71,571.174454,-784.907358,0.0
72,571.498217,-784.526497,0.0
73,571.821980,-784.145637,0.0
74,572.144071,-783.763340,0.0
75,572.466161,-783.381044,0.0
76,572.788252,-782.998747,0.0
77,573.110050,-782.616201,0.0
78,573.431848,-782.233656,0.0
79,573.753647,-781.851110,0.0
80,574.075372,-781.468508,0.0
81,574.397097,-781.085906,0.0
82,574.718822,-780.703304,0.0
83,575.040534,-780.320692,0.0
84,575.362246,-779.938080,0.0
85,575.683958,-779.555468,0.0
86,576.006104,-779.173211,0.0
87,576.328250,-778.790954,0.0
88,576.650396,-778.408697,0.0
89,576.972542,-778.026440,0.0
90,577.289943,-777.640213,0.0
91,577.607344,-777.253987,0.0
92,577.924745,-776.867760,0.0
93,578.242146,-776.481534,0.0
94,578.559548,-776.095308,0.0
95,578.876949,-775.709081,0.0
96,579.193714,-775.322330,0.0
97,579.510478,-774.935579,0.0
98,579.827243,-774.548828,0.0
99,580.144008,-774.162077,0.0
100,580.460773,-773.775326,0.0
101,580.771003,-773.383328,0.0
102,581.081233,-772.991331,0.0
103,581.391463,-772.599334,0.0
104,581.701693,-772.207337,0.0
105,582.011922,-771.815339,0.0
106,582.322152,-771.423342,0.0
107,582.620547,-771.022571,0.0
108,582.918942,-770.621800,0.0
109,583.217337,-770.221029,0.0
110,583.495647,-769.805770,0.0
111,583.773957,-769.390512,0.0
112,584.052267,-768.975253,0.0
113,584.330577,-768.559995,0.0
114,584.608887,-768.144737,0.0
115,584.864811,-767.715271,0.0
116,585.120735,-767.285805,0.0
117,585.376658,-766.856339,0.0
118,585.632582,-766.426873,0.0
119,585.888506,-765.997407,0.0
120,586.130561,-765.560020,0.0
121,586.372617,-765.122632,0.0
122,586.614673,-764.685244,0.0
123,586.856729,-764.247856,0.0
124,587.098785,-763.810469,0.0
125,587.334035,-763.369530,0.0
126,587.569285,-762.928592,0.0
127,587.804535,-762.487654,0.0
128,588.039106,-762.046443,0.0
129,588.273677,-761.605233,0.0
130,588.508248,-761.164022,0.0
131,588.742819,-760.722811,0.0
132,589.024184,-760.309556,0.0
133,589.305548,-759.896301,0.0
134,589.586912,-759.483047,0.0
135,589.868276,-759.069792,0.0
136,590.149776,-758.656629,0.0
137,590.431276,-758.243466,0.0
138,590.712776,-757.830303,0.0
139,590.994276,-757.417141,0.0
140,591.275781,-757.003981,0.0
141,591.557286,-756.590821,0.0
142,591.838791,-756.177662,0.0
143,592.120295,-755.764502,0.0
144,592.414754,-755.360564,0.0
145,592.720529,-754.965162,0.0
146,593.026305,-754.569761,0.0
147,593.332080,-754.174360,0.0
148,593.637855,-753.778958,0.0
149,593.943630,-753.383557,0.0
150,594.249405,-752.988155,0.0
151,594.561105,-752.597370,0.0
152,594.872806,-752.206584,0.0
153,595.184506,-751.815798,0.0
154,595.500762,-751.428672,0.0
155,595.817017,-751.041546,0.0
156,596.133273,-750.654420,0.0
157,596.449529,-750.267294,0.0
158,596.765784,-749.880168,0.0
159,597.082040,-749.493042,0.0
160,597.399628,-749.107004,0.0
161,597.717217,-748.720965,0.0
162,598.034805,-748.334927,0.0
163,598.352394,-747.948888,0.0
164,598.669982,-747.562849,0.0
165,598.991831,-747.180356,0.0
166,599.313680,-746.797863,0.0
167,599.635530,-746.415370,0.0
168,599.957379,-746.032876,0.0
169,600.279228,-745.650383,0.0
170,600.601077,-745.267890,0.0
171,600.923368,-744.885769,0.0
172,601.245659,-744.503648,0.0
173,601.567950,-744.121527,0.0
174,601.890241,-743.739406,0.0
175,602.212533,-743.357285,0.0
176,602.534824,-742.975164,0.0
177,602.857155,-742.593077,0.0
178,603.179486,-742.210990,0.0
179,603.501817,-741.828902,0.0
180,603.822715,-741.445621,0.0
181,604.143613,-741.062340,0.0
182,604.464510,-740.679059,0.0
183,604.785408,-740.295777,0.0
184,605.106306,-739.912496,0.0
185,605.427204,-739.529215,0.0
186,605.747776,-739.145671,0.0
187,606.068347,-738.762128,0.0
188,606.388919,-738.378584,0.0
189,606.709491,-737.995041,0.0
190,607.030063,-737.611498,0.0
191,607.350634,-737.227954,0.0
192,607.671193,-736.844400,0.0
193,607.991751,-736.460845,0.0
194,608.312309,-736.077291,0.0
195,608.632867,-735.693737,0.0
196,608.953425,-735.310182,0.0
197,609.273983,-734.926628,0.0
198,609.599355,-734.547163,0.0
199,609.924728,-734.167698,0.0
200,610.250100,-733.788234,0.0
201,610.575472,-733.408769,0.0
202,610.900845,-733.029304,0.0
203,611.226217,-732.649839,0.0
204,611.552114,-732.270827,0.0
205,611.878012,-731.891815,0.0
206,612.203909,-731.512802,0.0
207,612.529807,-731.133790,0.0
208,612.851051,-730.750762,0.0
209,613.172295,-730.367733,0.0
210,613.493539,-729.984705,0.0
211,613.814783,-729.601677,0.0
212,614.136028,-729.218648,0.0
213,614.457272,-728.835620,0.0
214,614.778170,-728.452298,0.0
215,615.099069,-728.068975,0.0
216,615.419968,-727.685653,0.0
217,615.740866,-727.302331,0.0
218,616.061765,-726.919009,0.0
219,616.382663,-726.535686,0.0
220,616.706205,-726.154698,0.0
221,617.029747,-725.773709,0.0
222,617.353289,-725.392721,0.0
223,617.676831,-725.011732,0.0
224,618.000373,-724.630743,0.0
225,618.323915,-724.249755,0.0
226,618.647690,-723.868978,0.0
227,618.971466,-723.488202,0.0
228,619.295242,-723.107425,0.0
229,619.619018,-722.726649,0.0
230,619.942793,-722.345872,0.0
231,620.074881,-722.190530,0.0
232,620.074881,-722.190530,0.0
233,620.400281,-721.811054,0.0
234,620.725680,-721.431579,0.0
235,621.051080,-721.052103,0.0
236,621.376480,-720.672628,0.0
237,621.701880,-720.293152,0.0
238,622.027279,-719.913676,0.0
239,622.352679,-719.534201,0.0
240,622.678079,-719.154725,0.0
241,623.003478,-718.775250,0.0
242,623.328878,-718.395774,0.0
243,623.654278,-718.016299,0.0
244,623.979678,-717.636823,0.0
245,624.305077,-717.257347,0.0
246,624.630477,-716.877872,0.0
247,624.955877,-716.498396,0.0
248,625.281276,-716.118921,0.0
249,625.606676,-715.739445,0.0
250,625.932076,-715.359970,0.0
251,626.257476,-714.980494,0.0
252,626.582875,-714.601018,0.0
253,626.908275,-714.221543,0.0
254,627.233675,-713.842067,0.0
255,627.559075,-713.462592,0.0
256,627.884474,-713.083116,0.0
257,628.209874,-712.703641,0.0
258,628.535274,-712.324165,0.0
259,628.860673,-711.944689,0.0
260,629.186073,-711.565214,0.0
261,629.511520,-711.185798,0.0
262,629.836966,-710.806383,0.0
263,630.162412,-710.426968,0.0
264,630.487859,-710.047552,0.0
265,630.813305,-709.668137,0.0
266,631.137038,-709.287249,0.0
267,631.460770,-708.906361,0.0
268,631.784503,-708.525472,0.0
269,632.108236,-708.144584,0.0
270,632.431969,-707.763696,0.0
271,632.755702,-707.382808,0.0
272,633.078625,-707.001243,0.0
273,633.401548,-706.619678,0.0
274,633.724471,-706.238113,0.0
275,634.047394,-705.856548,0.0
276,634.370317,-705.474983,0.0
277,634.693240,-705.093418,0.0
278,635.016089,-704.711792,0.0
279,635.338939,-704.330166,0.0
280,635.661454,-703.948248,0.0
281,635.983969,-703.566330,0.0
282,636.306484,-703.184412,0.0
283,636.628999,-702.802495,0.0
284,636.951514,-702.420577,0.0
285,637.274029,-702.038659,0.0
286,637.596499,-701.656702,0.0
287,637.918968,-701.274745,0.0
288,638.241437,-700.892787,0.0
289,638.563907,-700.510830,0.0
290,638.886376,-700.128873,0.0
291,639.208846,-699.746915,0.0
292,639.531314,-699.364956,0.0
293,639.853782,-698.982997,0.0
294,640.034142,-698.769363,0.0
295,640.034142,-698.769363,0.0
296,640.465958,-698.517842,0.0
297,640.897774,-698.266322,0.0
298,641.329590,-698.014801,0.0
299,641.761406,-697.763280,0.0
300,642.193222,-697.511760,0.0
301,642.625038,-697.260239,0.0
302,643.056854,-697.008719,0.0
303,643.488670,-696.757198,0.0
304,643.920486,-696.505678,0.0
305,644.352302,-696.254157,0.0
306,644.784118,-696.002636,0.0
307,645.215934,-695.751116,0.0
308,645.576059,-695.404410,0.0
309,645.936184,-695.057704,0.0
310,646.296310,-694.710998,0.0
311,646.656435,-694.364292,0.0
312,647.016560,-694.017586,0.0
313,647.376686,-693.670880,0.0
314,647.730560,-693.317782,0.0
315,648.084434,-692.964684,0.0
316,648.438307,-692.611585,0.0
317,648.792181,-692.258487,0.0
318,649.146055,-691.905389,0.0
319,649.499799,-691.552159,0.0
320,649.853542,-691.198930,0.0
321,650.207285,-690.845700,0.0
322,650.561028,-690.492471,0.0
323,650.914738,-690.139207,0.0
324,651.268447,-689.785944,0.0
325,651.622156,-689.432680,0.0
326,651.963699,-689.067687,0.0
327,652.305241,-688.702693,0.0
328,652.646783,-688.337700,0.0
329,652.988326,-687.972707,0.0
330,653.329868,-687.607713,0.0
331,653.655334,-687.228324,0.0
332,653.980800,-686.848935,0.0
333,654.306266,-686.469546,0.0
334,654.631733,-686.090157,0.0
335,654.957199,-685.710768,0.0
336,655.282665,-685.331379,0.0
337,655.606012,-684.950184,0.0
338,655.929360,-684.568989,0.0
339,656.252708,-684.187794,0.0
340,656.576056,-683.806599,0.0
341,656.899403,-683.425404,0.0
342,657.222751,-683.044209,0.0
343,657.545827,-682.662783,0.0
344,657.868903,-682.281358,0.0
345,658.191979,-681.899933,0.0
346,658.515055,-681.518508,0.0
347,658.838131,-681.137082,0.0
348,659.161206,-680.755657,0.0
349,659.483414,-680.373485,0.0
350,659.805621,-679.991313,0.0
351,660.127829,-679.609141,0.0
352,660.450036,-679.226968,0.0
353,660.772243,-678.844796,0.0
354,661.094451,-678.462624,0.0
355,661.417010,-678.080734,0.0
356,661.739570,-677.698843,0.0
357,662.062130,-677.316953,0.0
358,662.384690,-676.935062,0.0
359,662.707249,-676.553172,0.0
360,663.029809,-676.171281,0.0
361,663.352406,-675.789420,0.0
362,663.675003,-675.407560,0.0
363,663.997600,-675.025699,0.0
364,664.320196,-674.643838,0.0
365,664.642793,-674.261977,0.0
366,664.965390,-673.880117,0.0
367,665.287990,-673.498258,0.0
368,665.287990,-673.498258,0.0
369,665.610590,-673.116400,0.0
370,665.933190,-672.734542,0.0
371,666.255790,-672.352684,0.0
372,666.578390,-671.970825,0.0
373,666.900990,-671.588967,0.0
374,667.223590,-671.207109,0.0
375,667.546190,-670.825251,0.0
376,667.868790,-670.443393,0.0
377,668.191390,-670.061534,0.0
378,668.513990,-669.679676,0.0
379,668.836590,-669.297818,0.0
380,669.159190,-668.915960,0.0
381,669.481791,-668.534102,0.0
382,669.804391,-668.152244,0.0
383,670.126991,-667.770386,0.0
384,670.449591,-667.388527,0.0
385,670.772191,-667.006669,0.0
386,671.094791,-666.624811,0.0
387,671.417391,-666.242953,0.0
388,671.739991,-665.861095,0.0
389,672.062592,-665.479237,0.0
390,672.385192,-665.097379,0.0
391,672.707792,-664.715521,0.0
392,673.030392,-664.333662,0.0
393,673.352992,-663.951804,0.0
394,673.675592,-663.569946,0.0
395,673.998192,-663.188088,0.0
396,674.320792,-662.806230,0.0
397,674.643393,-662.424372,0.0
398,674.965993,-662.042514,0.0
399,675.288593,-661.660656,0.0
400,675.611193,-661.278797,0.0
401,675.933793,-660.896939,0.0
402,676.256393,-660.515081,0.0
403,676.578993,-660.133223,0.0
404,676.901593,-659.751365,0.0
405,677.224193,-659.369507,0.0
406,677.546794,-658.987649,0.0
407,677.869394,-658.605791,0.0
408,678.191994,-658.223932,0.0
409,678.514594,-657.842074,0.0
410,678.837194,-657.460216,0.0
411,679.159794,-657.078358,0.0
412,679.482394,-656.696500,0.0
413,679.804994,-656.314642,0.0
414,680.127595,-655.932784,0.0
415,680.450195,-655.550925,0.0
416,680.772795,-655.169067,0.0
417,681.095395,-654.787209,0.0
418,681.417995,-654.405351,0.0
419,681.740595,-654.023493,0.0
420,682.063195,-653.641635,0.0
421,682.385795,-653.259777,0.0
422,682.708395,-652.877919,0.0
423,683.030996,-652.496060,0.0
424,683.353596,-652.114202,0.0
425,683.676196,-651.732344,0.0
426,683.998796,-651.350486,0.0
427,684.321396,-650.968628,0.0
428,684.643996,-650.586770,0.0
429,684.966597,-650.204912,0.0
430,685.289197,-649.823054,0.0
431,685.611797,-649.441196,0.0
432,685.810741,-649.205708,0.0
433,685.810741,-649.205708,0.0
434,686.135889,-648.826253,0.0
435,686.461037,-648.446799,0.0
436,686.783059,-648.064497,0.0
437,687.105080,-647.682195,0.0
438,687.427102,-647.299893,0.0
439,687.749124,-646.917591,0.0
440,688.071146,-646.535289,0.0
441,688.393167,-646.152988,0.0
442,688.714966,-645.770487,0.0
443,689.036765,-645.387986,0.0
444,689.358563,-645.005485,0.0
445,689.680362,-644.622985,0.0
446,690.002573,-644.240785,0.0
447,690.324783,-643.858584,0.0
448,690.646993,-643.476384,0.0
449,690.969250,-643.094218,0.0
450,691.291507,-642.712053,0.0
451,691.613764,-642.329887,0.0
452,691.934433,-641.946312,0.0
453,692.255101,-641.562737,0.0
454,692.575769,-641.179162,0.0
455,692.896438,-640.795588,0.0
456,693.217106,-640.412013,0.0
457,693.537775,-640.028438,0.0
458,693.858343,-639.644776,0.0
459,694.178911,-639.261114,0.0
460,694.499480,-638.877452,0.0
461,694.820048,-638.493790,0.0
462,695.140617,-638.110128,0.0
463,695.461185,-637.726465,0.0
464,695.781747,-637.342798,0.0
465,696.102310,-636.959131,0.0
466,696.422872,-636.575464,0.0
467,696.743435,-636.191797,0.0
468,697.063997,-635.808130,0.0
469,697.384560,-635.424462,0.0
470,697.705122,-635.040795,0.0
471,698.025684,-634.657127,0.0
472,698.346246,-634.273460,0.0
473,698.666808,-633.889792,0.0
474,698.987371,-633.506125,0.0
475,699.307933,-633.122457,0.0
476,699.628495,-632.738790,0.0
477,699.949057,-632.355122,0.0
478,700.269619,-631.971455,0.0
479,700.590181,-631.587787,0.0
480,700.910743,-631.204120,0.0
481,701.231305,-630.820452,0.0
482,701.551868,-630.436785,0.0
483,701.872430,-630.053117,0.0
484,702.192992,-629.669450,0.0
485,702.513555,-629.285783,0.0
486,702.834117,-628.902115,0.0
487,703.154679,-628.518448,0.0
488,703.475288,-628.134821,0.0
489,703.795896,-627.751193,0.0
490,704.116505,-627.367566,0.0
491,704.437113,-626.983939,0.0
492,704.757722,-626.600312,0.0
493,705.045890,-626.255501,0.0
494,705.045890,-626.255501,0.0
495,705.365021,-625.870600,0.0
496,705.684152,-625.485698,0.0
497,706.003283,-625.100797,0.0
498,706.322414,-624.715895,0.0
499,706.641544,-624.330994,0.0
500,706.960675,-623.946093,0.0
501,707.279806,-623.561191,0.0
502,707.598937,-623.176290,0.0
503,707.918068,-622.791388,0.0
504,708.237199,-622.406487,0.0
505,708.556329,-622.021586,0.0
506,708.875460,-621.636684,0.0
507,709.194591,-621.251783,0.0
508,709.513722,-620.866881,0.0
509,709.832853,-620.481980,0.0
510,710.151984,-620.097078,0.0
511,710.471114,-619.712177,0.0
512,710.790245,-619.327276,0.0
513,711.109376,-618.942374,0.0
514,711.428507,-618.557473,0.0
515,711.747638,-618.172571,0.0
516,712.066769,-617.787670,0.0
517,712.385899,-617.402769,0.0
518,712.705030,-617.017867,0.0
519,713.044140,-616.650489,0.0
520,713.383250,-616.283111,0.0
521,713.722361,-615.915733,0.0
522,714.061471,-615.548355,0.0
523,714.400581,-615.180977,0.0
524,714.739691,-614.813599,0.0
525,715.080994,-614.448265,0.0
526,715.422296,-614.082930,0.0
527,715.763599,-613.717595,0.0
528,716.104902,-613.352261,0.0
529,716.446205,-612.986926,0.0
530,716.787507,-612.621591,0.0
531,717.206278,-612.348973,0.0
532,717.625048,-612.076354,0.0
533,718.043818,-611.803736,0.0
534,718.462589,-611.531117,0.0
535,718.881359,-611.258499,0.0
536,719.300129,-610.985880,0.0
537,719.757113,-610.782988,0.0
538,720.214097,-610.580096,0.0
539,720.671080,-610.377204,0.0
540,721.128064,-610.174312,0.0
541,721.585048,-609.971420,0.0
542,722.068315,-609.843274,0.0
543,722.551582,-609.715127,0.0
544,723.034848,-609.586981,0.0
545,723.518115,-609.458835,0.0
546,724.001382,-609.330689,0.0
547,724.484649,-609.202542,0.0
548,724.984206,-609.182793,0.0
549,725.483764,-609.163043,0.0
550,725.983321,-609.143293,0.0
551,726.483231,-609.141388,0.0
552,726.983140,-609.139484,0.0
553,727.483050,-609.137579,0.0
554,727.982960,-609.135674,0.0
555,728.460426,-609.282810,0.0
556,728.937892,-609.429946,0.0
557,729.415359,-609.577083,0.0
558,729.892825,-609.724219,0.0
559,730.370291,-609.871355,0.0
560,730.798535,-610.129184,0.0
561,731.226778,-610.387014,0.0
562,731.655022,-610.644843,0.0
563,732.083266,-610.902672,0.0
564,732.504954,-611.170936,0.0
565,732.926643,-611.439201,0.0
566,733.348331,-611.707466,0.0
567,733.770020,-611.975730,0.0
568,734.164915,-612.282403,0.0
569,734.559810,-612.589076,0.0
570,734.954705,-612.895749,0.0
571,735.349601,-613.202422,0.0
572,735.744496,-613.509095,0.0
573,736.139391,-613.815768,0.0
574,736.531234,-614.126341,0.0
575,736.923077,-614.436915,0.0
576,737.314920,-614.747488,0.0
577,737.706762,-615.058061,0.0
578,738.098605,-615.368635,0.0
579,738.490448,-615.679208,0.0
580,738.881987,-615.990166,0.0
581,739.273525,-616.301123,0.0
582,739.665064,-616.612081,0.0
583,740.056602,-616.923039,0.0
584,740.448140,-617.233996,0.0
585,740.839679,-617.544954,0.0
586,741.231189,-617.855947,0.0
587,741.622700,-618.166940,0.0
588,742.014210,-618.477933,0.0
589,742.405721,-618.788926,0.0
590,742.797231,-619.099919,0.0
591,743.188741,-619.410912,0.0
592,743.387888,-619.569103,0.0
593,743.387888,-619.569103,0.0
594,743.782867,-619.875402,0.0
595,744.177846,-620.181700,0.0
596,744.572825,-620.487999,0.0
597,744.967804,-620.794298,0.0
598,745.362783,-621.100597,0.0
599,745.757762,-621.406895,0.0
600,746.152159,-621.714220,0.0
601,746.546556,-622.021544,0.0
602,746.940953,-622.328868,0.0
603,747.335350,-622.636192,0.0
604,747.729747,-622.943517,0.0
605,748.124144,-623.250841,0.0
606,748.518514,-623.558202,0.0
607,748.912884,-623.865562,0.0
608,749.307253,-624.172923,0.0
609,749.702274,-624.479433,0.0
610,750.097295,-624.785943,0.0
611,750.492316,-625.092453,0.0
612,750.887337,-625.398963,0.0
613,751.282358,-625.705473,0.0
614,751.677379,-626.011983,0.0
615,752.072469,-626.318402,0.0
616,752.467559,-626.624821,0.0
617,752.862649,-626.931240,0.0
618,753.257739,-627.237659,0.0
619,753.652828,-627.544078,0.0
620,754.047918,-627.850498,0.0
621,754.443015,-628.156908,0.0
622,754.838112,-628.463317,0.0
623,755.233209,-628.769727,0.0
624,755.628306,-629.076137,0.0
625,756.023402,-629.382547,0.0
626,756.418499,-629.688957,0.0
627,756.813597,-629.995366,0.0
628,757.208694,-630.301775,0.0
629,757.603792,-630.608184,0.0
630,757.998889,-630.914593,0.0
631,758.393987,-631.221002,0.0
632,758.789084,-631.527411,0.0
633,759.183746,-631.834398,0.0
634,759.578407,-632.141386,0.0
635,759.973069,-632.448374,0.0
636,760.370313,-632.752004,0.0
637,760.767557,-633.055635,0.0
638,761.164802,-633.359265,0.0
639,761.562046,-633.662895,0.0
640,761.959860,-633.965776,0.0
641,762.357675,-634.268657,0.0
642,762.755489,-634.571538,0.0
643,763.153303,-634.874419,0.0
644,763.286606,-634.975911,0.0
645,763.286606,-634.975911,0.0
646,763.680209,-635.284150,0.0
647,764.073811,-635.592389,0.0
648,764.467414,-635.900629,0.0
649,764.861017,-636.208868,0.0
650,765.254619,-636.517107,0.0
651,765.648222,-636.825346,0.0
652,766.041825,-637.133585,0.0
653,766.435428,-637.441824,0.0
654,766.829030,-637.750063,0.0
655,767.222633,-638.058302,0.0
656,767.616236,-638.366541,0.0
657,768.009839,-638.674780,0.0
658,768.403442,-638.983019,0.0
659,768.798261,-639.289781,0.0
660,769.193081,-639.596544,0.0
661,769.587900,-639.903307,0.0
662,769.982719,-640.210069,0.0
663,770.377539,-640.516832,0.0
664,770.772358,-640.823594,0.0
665,771.166851,-641.130774,0.0
666,771.561343,-641.437955,0.0
667,771.955835,-641.745135,0.0
668,772.350327,-642.052315,0.0
669,772.744820,-642.359495,0.0
670,773.139312,-642.666675,0.0
671,773.533795,-642.973866,0.0
672,773.928279,-643.281058,0.0
673,774.322762,-643.588249,0.0
674,774.717246,-643.895440,0.0
675,775.111729,-644.202632,0.0
676,775.506213,-644.509823,0.0
677,775.900696,-644.817014,0.0
678,776.295179,-645.124206,0.0
679,776.689663,-645.431397,0.0
680,777.084146,-645.738589,0.0
681,777.478629,-646.045780,0.0
682,777.873113,-646.352972,0.0
683,778.267596,-646.660163,0.0
684,778.662079,-646.967355,0.0
685,779.056562,-647.274547,0.0
686,779.451046,-647.581738,0.0
687,779.845529,-647.888930,0.0
688,780.240012,-648.196121,0.0
689,780.634496,-648.503313,0.0
690,781.028979,-648.810504,0.0
691,781.423462,-649.117696,0.0
692,781.817945,-649.424888,0.0
693,782.212428,-649.732079,0.0
694,782.606912,-650.039271,0.0
695,783.001395,-650.346462,0.0
696,783.395878,-650.653654,0.0
697,783.790362,-650.960845,0.0
698,784.184845,-651.268037,0.0
699,784.579328,-651.575228,0.0
700,784.973812,-651.882420,0.0
701,785.368295,-652.189611,0.0
702,785.762778,-652.496803,0.0
703,786.157261,-652.803995,0.0
704,786.551745,-653.111186,0.0
705,786.946228,-653.418378,0.0
706,787.340711,-653.725569,0.0
707,787.735194,-654.032761,0.0
708,788.129678,-654.339952,0.0
709,788.524161,-654.647144,0.0
710,788.918645,-654.954335,0.0
711,789.313128,-655.261527,0.0
712,789.707611,-655.568718,0.0
713,790.102094,-655.875910,0.0
714,790.496578,-656.183101,0.0
715,790.891061,-656.490293,0.0
716,791.285544,-656.797485,0.0
717,791.680027,-657.104676,0.0
718,792.074779,-657.411523,0.0
719,792.469531,-657.718370,0.0
720,792.864282,-658.025218,0.0
721,793.259034,-658.332065,0.0
722,793.653785,-658.638912,0.0
723,794.048537,-658.945759,0.0
724,794.445007,-659.250374,0.0
725,794.841478,-659.554990,0.0
726,795.237948,-659.859606,0.0
727,795.634685,-660.163872,0.0
728,796.031423,-660.468138,0.0
729,796.428160,-660.772405,0.0
730,796.824897,-661.076671,0.0
731,797.222047,-661.380399,0.0
732,797.619197,-661.684128,0.0
733,798.016346,-661.987856,0.0
734,798.413520,-662.291552,0.0
735,798.810694,-662.595248,0.0
736,799.207869,-662.898944,0.0
737,799.605044,-663.202638,0.0
738,800.002220,-663.506332,0.0
739,800.399395,-663.810027,0.0
740,800.796571,-664.113721,0.0
741,801.193747,-664.417415,0.0
742,801.590922,-664.721109,0.0
743,801.988080,-665.024827,0.0
744,802.385237,-665.328546,0.0
745,802.782394,-665.632265,0.0
746,803.179551,-665.935983,0.0
747,803.378880,-666.088416,0.0
748,803.378880,-666.088416,0.0
749,803.776104,-666.392045,0.0
750,804.173289,-666.695727,0.0
751,804.570474,-666.999409,0.0
752,804.967659,-667.303091,0.0
753,805.364837,-667.606782,0.0
754,805.762014,-667.910474,0.0
755,806.159192,-668.214166,0.0
756,806.556368,-668.517859,0.0
757,806.953544,-668.821553,0.0
758,807.350467,-669.125550,0.0
759,807.747389,-669.429548,0.0
760,808.144312,-669.733546,0.0
761,808.541234,-670.037543,0.0
762,808.938157,-670.341541,0.0
763,809.335079,-670.645539,0.0
764,809.730690,-670.951268,0.0
765,810.126300,-671.256997,0.0
766,810.521911,-671.562726,0.0
767,810.917521,-671.868454,0.0
768,811.313131,-672.174183,0.0
769,811.708719,-672.479942,0.0
770,812.104307,-672.785700,0.0
771,812.499895,-673.091458,0.0
772,812.895483,-673.397216,0.0
773,813.291071,-673.702975,0.0
774,813.686659,-674.008733,0.0
775,814.082247,-674.314492,0.0
776,814.477835,-674.620250,0.0
777,814.873422,-674.926009,0.0
778,815.269010,-675.231767,0.0
779,815.664598,-675.537526,0.0
780,816.060185,-675.843285,0.0
781,816.455773,-676.149043,0.0
782,816.851361,-676.454802,0.0
783,817.246949,-676.760561,0.0
784,817.642536,-677.066319,0.0
785,818.038124,-677.372078,0.0
786,818.433712,-677.677836,0.0
787,818.829299,-677.983595,0.0
788,819.224887,-678.289354,0.0
789,819.620475,-678.595112,0.0
790,820.016062,-678.900871,0.0
791,820.411650,-679.206629,0.0
792,820.807238,-679.512388,0.0
793,821.202826,-679.818147,0.0
794,821.598413,-680.123905,0.0
795,821.994001,-680.429664,0.0
796,822.389589,-680.735422,0.0
797,822.785177,-681.041180,0.0
798,823.180765,-681.346939,0.0
799,823.379548,-681.500582,0.0
800,823.379548,-681.500582,0.0
801,823.774507,-681.807167,0.0
802,824.169467,-682.113751,0.0
803,824.564426,-682.420335,0.0
804,824.959386,-682.726920,0.0
805,825.354345,-683.033504,0.0
806,825.749292,-683.340105,0.0
807,826.144238,-683.646706,0.0
808,826.539185,-683.953308,0.0
809,826.934132,-684.259909,0.0
810,827.329078,-684.566510,0.0
811,827.724025,-684.873111,0.0
812,828.118970,-685.179714,0.0
813,828.513916,-685.486317,0.0
814,828.908861,-685.792920,0.0
815,829.303807,-686.099522,0.0
816,829.698752,-686.406125,0.0
817,830.093698,-686.712728,0.0
818,830.488643,-687.019331,0.0
819,830.883589,-687.325934,0.0
820,831.278534,-687.632537,0.0
821,831.673479,-687.939139,0.0
822,832.068425,-688.245742,0.0
823,832.463370,-688.552345,0.0
824,832.858316,-688.858948,0.0
825,833.253261,-689.165551,0.0
826,833.648206,-689.472154,0.0
827,834.043152,-689.778757,0.0
828,834.438097,-690.085360,0.0
829,834.833042,-690.391963,0.0
830,835.227988,-690.698566,0.0
831,835.622933,-691.005169,0.0
832,836.017878,-691.311772,0.0
833,836.412824,-691.618375,0.0
834,836.807769,-691.924978,0.0
835,837.202714,-692.231581,0.0
836,837.595786,-692.540582,0.0
837,837.988858,-692.849583,0.0
838,838.381929,-693.158585,0.0
839,838.775001,-693.467586,0.0
840,839.168073,-693.776588,0.0
841,839.195100,-693.797834,0.0
842,839.195100,-693.797834,0.0
843,839.579052,-694.117947,0.0
844,839.963004,-694.438059,0.0
845,840.346957,-694.758172,0.0
846,840.730909,-695.078284,0.0
847,841.114862,-695.398397,0.0
848,841.498814,-695.718509,0.0
849,841.882766,-696.038622,0.0
850,842.266719,-696.358734,0.0
851,842.650671,-696.678847,0.0
852,843.034624,-696.998959,0.0
853,843.418576,-697.319072,0.0
854,843.802529,-697.639184,0.0
855,844.192445,-697.951890,0.0
856,844.582362,-698.264597,0.0
857,844.972278,-698.577303,0.0
858,845.362195,-698.890010,0.0
859,845.752112,-699.202716,0.0
860,846.142028,-699.515422,0.0
861,846.532464,-699.827469,0.0
862,846.922899,-700.139516,0.0
863,847.313335,-700.451562,0.0
864,847.703771,-700.763609,0.0
865,848.094206,-701.075656,0.0
866,848.484642,-701.387702,0.0
867,848.854228,-701.724391,0.0
868,849.223815,-702.061080,0.0
869,849.593401,-702.397769,0.0
870,849.962988,-702.734458,0.0
871,850.329833,-703.074071,0.0
872,850.696678,-703.413684,0.0
873,851.063524,-703.753297,0.0
874,851.430369,-704.092910,0.0
875,851.765516,-704.463637,0.0
876,852.100663,-704.834365,0.0
877,852.435811,-705.205092,0.0
878,852.765910,-705.580150,0.0
879,853.096010,-705.955209,0.0
880,853.426110,-706.330267,0.0
881,853.756209,-706.705326,0.0
882,854.022174,-707.128658,0.0
883,854.288138,-707.551990,0.0
884,854.554102,-707.975322,0.0
885,854.820066,-708.398654,0.0
886,855.086030,-708.821987,0.0
887,855.310302,-709.268840,0.0
888,855.534573,-709.715693,0.0
889,855.758845,-710.162546,0.0
890,855.983117,-710.609399,0.0
891,856.202032,-711.058903,0.0
892,856.420948,-711.508407,0.0
893,856.639864,-711.957912,0.0
894,856.858780,-712.407416,0.0
895,856.816691,-712.905592,0.0
896,856.774603,-713.403768,0.0
897,856.732514,-713.901944,0.0
898,856.690426,-714.400120,0.0
899,856.628925,-714.896272,0.0
900,856.567424,-715.392424,0.0
901,856.505924,-715.888576,0.0
902,856.444423,-716.384729,0.0
903,856.382922,-716.880881,0.0
904,856.318201,-717.376623,0.0
905,856.253479,-717.872365,0.0
906,856.188758,-718.368107,0.0
907,856.124036,-718.863849,0.0
908,855.893107,-719.307317,0.0
909,855.662178,-719.750785,0.0
910,855.431248,-720.194253,0.0
911,855.200319,-720.637722,0.0
912,854.951299,-721.071293,0.0
913,854.702280,-721.504865,0.0
914,854.453260,-721.938436,0.0
915,854.204241,-722.372008,0.0
916,853.955221,-722.805579,0.0
917,853.641278,-723.194729,0.0
918,853.327335,-723.583878,0.0
919,853.013392,-723.973028,0.0
920,852.699448,-724.362178,0.0
921,852.385505,-724.751327,0.0
922,852.067971,-725.137551,0.0
923,851.750436,-725.523775,0.0
924,851.432902,-725.909999,0.0
925,851.115368,-726.296223,0.0
926,850.797833,-726.682447,0.0
927,850.480299,-727.068671,0.0
928,850.162266,-727.454484,0.0
929,849.844233,-727.840298,0.0
930,849.526200,-728.226111,0.0
931,849.208168,-728.611925,0.0
932,848.890135,-728.997738,0.0
933,848.572085,-729.383537,0.0
934,848.254035,-729.769337,0.0
935,847.935985,-730.155136,0.0
936,847.617935,-730.540936,0.0
937,847.299885,-730.926735,0.0
938,846.981836,-731.312534,0.0
939,846.964640,-731.333393,0.0
940,846.964640,-731.333393,0.0
941,846.642165,-731.715468,0.0
942,846.319689,-732.097544,0.0
943,845.997214,-732.479620,0.0
944,845.674738,-732.861695,0.0
945,845.352263,-733.243771,0.0
946,845.029778,-733.625838,0.0
947,844.707294,-734.007904,0.0
948,844.384810,-734.389971,0.0
949,844.062323,-734.772035,0.0
950,843.739837,-735.154099,0.0
951,843.417351,-735.536164,0.0
952,843.094519,-735.917933,0.0
953,842.771687,-736.299702,0.0
954,842.448855,-736.681471,0.0
955,842.126024,-737.063240,0.0
956,841.803192,-737.445010,0.0
957,841.480360,-737.826779,0.0
958,841.157444,-738.208486,0.0
959,840.834528,-738.590193,0.0
960,840.511612,-738.971900,0.0
961,840.188696,-739.353607,0.0
962,839.865521,-739.735049,0.0
963,839.542346,-740.116491,0.0
964,839.219170,-740.497934,0.0
965,838.895953,-740.879331,0.0
966,838.572735,-741.260728,0.0
967,838.249518,-741.642125,0.0
968,837.926293,-742.023536,0.0
969,837.603068,-742.404946,0.0
970,837.279844,-742.786357,0.0
971,836.956619,-743.167767,0.0
972,836.633394,-743.549178,0.0
973,836.310125,-743.930552,0.0
974,835.986890,-744.311941,0.0
975,835.663654,-744.693331,0.0
976,835.340419,-745.074720,0.0
977,835.074542,-745.388431,0.0
978,835.074542,-745.388431,0.0
979,834.751887,-745.770171,0.0
980,834.429231,-746.151911,0.0
981,834.106571,-746.533813,0.0
982,833.783911,-746.915716,0.0
983,833.461251,-747.297618,0.0
984,833.138597,-747.679546,0.0
985,832.815943,-748.061474,0.0
986,832.493289,-748.443402,0.0
987,832.170705,-748.825348,0.0
988,831.848121,-749.207294,0.0
989,831.525537,-749.589240,0.0
990,831.202953,-749.971187,0.0
991,830.880369,-750.353133,0.0
992,830.557785,-750.735079,0.0
993,830.235205,-751.117028,0.0
994,829.912615,-751.499007,0.0
995,829.590026,-751.880985,0.0
996,829.267436,-752.262963,0.0
997,828.944845,-752.644945,0.0
998,828.622254,-753.026928,0.0
999,828.299663,-753.408911,0.0
1000,827.977202,-753.790919,0.0
1001,827.654742,-754.172928,0.0
1002,827.332282,-754.554936,0.0
1003,827.009849,-754.936946,0.0
1004,826.687417,-755.318955,0.0
1005,826.364984,-755.700965,0.0
1006,826.042843,-756.083250,0.0
1007,825.720701,-756.465535,0.0
1008,825.398560,-756.847820,0.0
1009,825.076474,-757.230158,0.0
1010,824.754389,-757.612495,0.0
1011,824.432303,-757.994833,0.0
1012,824.110207,-758.377206,0.0
1013,823.788110,-758.759579,0.0
1014,823.466014,-759.141952,0.0
1015,823.143916,-759.524331,0.0
1016,822.821818,-759.906711,0.0
1017,822.499721,-760.289090,0.0
1018,822.177774,-760.671490,0.0
1019,821.855827,-761.053890,0.0
1020,821.533880,-761.436290,0.0
1021,821.211934,-761.818690,0.0
1022,820.889987,-762.201090,0.0
1023,820.568040,-762.583490,0.0
1024,820.246059,-762.965953,0.0
1025,819.924078,-763.348415,0.0
1026,819.602097,-763.730877,0.0
1027,819.280116,-764.113340,0.0
1028,818.958134,-764.495802,0.0
1029,818.635874,-764.878000,0.0
1030,818.313614,-765.260197,0.0
1031,817.991354,-765.642394,0.0
1032,817.669094,-766.024592,0.0
1033,817.346834,-766.406789,0.0
1034,817.024574,-766.788987,0.0
1035,816.702294,-767.171165,0.0
1036,816.380014,-767.553343,0.0
1037,816.057734,-767.935521,0.0
1038,815.735454,-768.317699,0.0
1039,815.413174,-768.699877,0.0
1040,815.090893,-769.082055,0.0
1041,814.768613,-769.464232,0.0
1042,814.446332,-769.846410,0.0
1043,814.124052,-770.228588,0.0
1044,813.801771,-770.610765,0.0
1045,813.801771,-770.610765,0.0
1046,813.479490,-770.992943,0.0
1047,813.157210,-771.375121,0.0
1048,812.834929,-771.757298,0.0
1049,812.512649,-772.139476,0.0
1050,812.190368,-772.521653,0.0
1051,811.868087,-772.903831,0.0
1052,811.545807,-773.286008,0.0
1053,811.223526,-773.668186,0.0
1054,810.901246,-774.050364,0.0
1055,810.578965,-774.432541,0.0
1056,810.256684,-774.814719,0.0
1057,809.934404,-775.196896,0.0
1058,809.612123,-775.579074,0.0
1059,809.289842,-775.961252,0.0
1060,808.967562,-776.343429,0.0
1061,808.645281,-776.725607,0.0
1062,808.323001,-777.107784,0.0
1063,808.000720,-777.489962,0.0
1064,807.678439,-777.872139,0.0
1065,807.356159,-778.254317,0.0
1066,807.033878,-778.636495,0.0
1067,806.711597,-779.018672,0.0
1068,806.389317,-779.400850,0.0
1069,806.067036,-779.783027,0.0
1070,805.744756,-780.165205,0.0
1071,805.422475,-780.547383,0.0
1072,805.100194,-780.929560,0.0
1073,804.777914,-781.311738,0.0
1074,804.455633,-781.693915,0.0
1075,804.133352,-782.076093,0.0
1076,803.811072,-782.458270,0.0
1077,803.488791,-782.840448,0.0
1078,803.166511,-783.222626,0.0
1079,802.844230,-783.604803,0.0
1080,802.521949,-783.986981,0.0
1081,802.199669,-784.369158,0.0
1082,801.877388,-784.751336,0.0
1083,801.555107,-785.133513,0.0
1084,801.555107,-785.133513,0.0
1085,801.232827,-785.515691,0.0
1086,800.910546,-785.897869,0.0
1087,800.588266,-786.280046,0.0
1088,800.266722,-786.662841,0.0
1089,799.945179,-787.045636,0.0
1090,799.623636,-787.428431,0.0
1091,799.302092,-787.811226,0.0
1092,798.980549,-788.194021,0.0
1093,798.659006,-788.576816,0.0
1094,798.337548,-788.959682,0.0
1095,798.016089,-789.342548,0.0
1096,797.694631,-789.725414,0.0
1097,797.373173,-790.108280,0.0
1098,797.051715,-790.491146,0.0
1099,796.730257,-790.874012,0.0
1100,796.408807,-791.256885,0.0
1101,796.087357,-791.639757,0.0
1102,795.765906,-792.022630,0.0
1103,795.444456,-792.405502,0.0
1104,795.123006,-792.788375,0.0
1105,794.801555,-793.171248,0.0
1106,794.480106,-793.554121,0.0
1107,794.158656,-793.936994,0.0
1108,793.837206,-794.319867,0.0
1109,793.515756,-794.702740,0.0
1110,793.194307,-795.085613,0.0
1111,792.872857,-795.468486,0.0
1112,792.551407,-795.851359,0.0
1113,792.229958,-796.234232,0.0
1114,791.908508,-796.617105,0.0
1115,791.587058,-796.999978,0.0
1116,791.265608,-797.382851,0.0
1117,790.944159,-797.765724,0.0
1118,790.622709,-798.148597,0.0
1119,790.301259,-798.531470,0.0
1120,789.979809,-798.914343,0.0
1121,789.658360,-799.297217,0.0
1122,789.336910,-799.680090,0.0
1123,789.015460,-800.062963,0.0
1124,788.694011,-800.445836,0.0
1125,788.372561,-800.828709,0.0
1126,788.051111,-801.211582,0.0
1127,787.729661,-801.594455,0.0
1128,787.408212,-801.977328,0.0
1129,787.086762,-802.360201,0.0
1130,786.765312,-802.743074,0.0
1131,786.443863,-803.125947,0.0
1132,786.122413,-803.508820,0.0
1133,785.800963,-803.891693,0.0
1134,785.479513,-804.274566,0.0
1135,785.184750,-804.678360,0.0
1136,784.889986,-805.082154,0.0
1137,784.595222,-805.485947,0.0
1138,784.300459,-805.889741,0.0
1139,784.005695,-806.293534,0.0
1140,783.724615,-806.706938,0.0
1141,783.443534,-807.120343,0.0
1142,783.162454,-807.533747,0.0
1143,782.881373,-807.947151,0.0
1144,782.600293,-808.360555,0.0
1145,782.321245,-808.775329,0.0
1146,782.042197,-809.190103,0.0
1147,781.763149,-809.604877,0.0
1148,781.484101,-810.019651,0.0
1149,781.205054,-810.434425,0.0
1150,780.926230,-810.849349,0.0
1151,780.647405,-811.264273,0.0
1152,780.368581,-811.679197,0.0
1153,780.089757,-812.094121,0.0
1154,779.810933,-812.509045,0.0
1155,779.645216,-812.980715,0.0
1156,779.479499,-813.452384,0.0
1157,779.313781,-813.924054,0.0
1158,779.148064,-814.395724,0.0
1159,778.982347,-814.867394,0.0
1160,778.818748,-815.339803,0.0
1161,778.655150,-815.812213,0.0
1162,778.491551,-816.284622,0.0
1163,778.327952,-816.757031,0.0
1164,778.164354,-817.229441,0.0
1165,778.000755,-817.701850,0.0
1166,777.862634,-818.100689,0.0
1167,777.862634,-818.100689,0.0
1168,777.539497,-818.482206,0.0
1169,777.216359,-818.863723,0.0
1170,776.893221,-819.245241,0.0
1171,776.570083,-819.626758,0.0
1172,776.246946,-820.008275,0.0
1173,775.923808,-820.389792,0.0
1174,775.601402,-820.771939,0.0
1175,775.278997,-821.154086,0.0
1176,774.956591,-821.536232,0.0
1177,774.634362,-821.918530,0.0
1178,774.312132,-822.300827,0.0
1179,773.989903,-822.683125,0.0
1180,773.667716,-823.065458,0.0
1181,773.345529,-823.447792,0.0
1182,773.023342,-823.830126,0.0
1183,772.701165,-824.212468,0.0
1184,772.378988,-824.594811,0.0
1185,772.056811,-824.977153,0.0
1186,771.734637,-825.359498,0.0
1187,771.412463,-825.741842,0.0
1188,771.090289,-826.124187,0.0
1189,770.768115,-826.506532,0.0
1190,770.445942,-826.888878,0.0
1191,770.123768,-827.271223,0.0
1192,769.801594,-827.653568,0.0
1193,769.479420,-828.035912,0.0
1194,769.157246,-828.418257,0.0
1195,768.835071,-828.800601,0.0
1196,768.522092,-829.172033,0.0
1197,768.522092,-829.172033,0.0
1198,768.199551,-829.554070,0.0
1199,767.877009,-829.936108,0.0
1200,767.554468,-830.318145,0.0
1201,767.231927,-830.700182,0.0
1202,766.909385,-831.082219,0.0
1203,766.586843,-831.464256,0.0
1204,766.264302,-831.846293,0.0
1205,765.941760,-832.228330,0.0
1206,765.619219,-832.610367,0.0
1207,765.296677,-832.992404,0.0
1208,764.974136,-833.374441,0.0
1209,764.651594,-833.756478,0.0
1210,764.329052,-834.138515,0.0
1211,764.006511,-834.520552,0.0
1212,763.683969,-834.902589,0.0
1213,763.361428,-835.284626,0.0
1214,763.038886,-835.666663,0.0
1215,762.716345,-836.048700,0.0
1216,762.393803,-836.430737,0.0
1217,762.071261,-836.812774,0.0
1218,761.748720,-837.194811,0.0
1219,761.426178,-837.576848,0.0
1220,761.103637,-837.958885,0.0
1221,760.781095,-838.340922,0.0
1222,760.458554,-838.722959,0.0
1223,760.136012,-839.104996,0.0
1224,759.813470,-839.487033,0.0
1225,759.490965,-839.869098,0.0
1226,759.168460,-840.251163,0.0
1227,758.845955,-840.633228,0.0
1228,758.523450,-841.015293,0.0
1229,758.200945,-841.397358,0.0
1230,757.878440,-841.779423,0.0
1231,757.555937,-842.161490,0.0
1232,757.233434,-842.543557,0.0
1233,756.910464,-842.925247,0.0
1234,756.587493,-843.306936,0.0
1235,756.264522,-843.688625,0.0
1236,755.941551,-844.070315,0.0
1237,755.618580,-844.452004,0.0
1238,755.295609,-844.833693,0.0
1239,754.972858,-845.215568,0.0
1240,754.650107,-845.597444,0.0
1241,754.327356,-845.979319,0.0
1242,754.004656,-846.361237,0.0
1243,753.681955,-846.743155,0.0
1244,753.359254,-847.125073,0.0
1245,753.036606,-847.507036,0.0
1246,752.713959,-847.889000,0.0
1247,752.391311,-848.270964,0.0
1248,752.068676,-848.652938,0.0
1249,751.746041,-849.034913,0.0
1250,751.423406,-849.416887,0.0
1251,751.100773,-849.798864,0.0
1252,750.778141,-850.180841,0.0
1253,750.455509,-850.562818,0.0
1254,750.132877,-850.944795,0.0
1255,749.810246,-851.326773,0.0
1256,749.487614,-851.708750,0.0
1257,749.164983,-852.090728,0.0
1258,748.942780,-852.353804,0.0
1259,748.942780,-852.353804,0.0
1260,748.620148,-852.735782,0.0
1261,748.297517,-853.117759,0.0
1262,747.974885,-853.499737,0.0
1263,747.652254,-853.881714,0.0
1264,747.329622,-854.263692,0.0
1265,747.006879,-854.645574,0.0
1266,746.684136,-855.027456,0.0
1267,746.361393,-855.409338,0.0
1268,746.038650,-855.791220,0.0
1269,745.715907,-856.173102,0.0
1270,745.393164,-856.554984,0.0
1271,745.069568,-856.936137,0.0
1272,744.745973,-857.317289,0.0
1273,744.422377,-857.698442,0.0
1274,744.098781,-858.079595,0.0
1275,743.775186,-858.460748,0.0
1276,743.451590,-858.841900,0.0
1277,743.128242,-859.223264,0.0
1278,742.804894,-859.604627,0.0
1279,742.481547,-859.985990,0.0
1280,742.158259,-860.367404,0.0
1281,741.834971,-860.748818,0.0
1282,741.511683,-861.130233,0.0
1283,741.188874,-861.512054,0.0
1284,740.866065,-861.893875,0.0
1285,740.543257,-862.275696,0.0
1286,740.220448,-862.657517,0.0
1287,739.897639,-863.039338,0.0
1288,739.574830,-863.421159,0.0
1289,739.252087,-863.803036,0.0
1290,738.929345,-864.184914,0.0
1291,738.606602,-864.566791,0.0
1292,738.283860,-864.948669,0.0
1293,737.961117,-865.330546,0.0
1294,737.638375,-865.712423,0.0
1295,737.315903,-866.094528,0.0
1296,736.993431,-866.476633,0.0
1297,736.670959,-866.858738,0.0
1298,736.348487,-867.240843,0.0
1299,736.026016,-867.622948,0.0
1300,735.703544,-868.005053,0.0
1301,735.381782,-868.387752,0.0
1302,735.060021,-868.770451,0.0
1303,734.738260,-869.153150,0.0
1304,734.416498,-869.535849,0.0
1305,734.094737,-869.918548,0.0
1306,733.772975,-870.301246,0.0
1307,733.451286,-870.684005,0.0
1308,733.129597,-871.066764,0.0
1309,732.807907,-871.449523,0.0
1310,732.486218,-871.832283,0.0
1311,732.164529,-872.215042,0.0
1312,731.842841,-872.597802,0.0
1313,731.521153,-872.980562,0.0
1314,731.199466,-873.363323,0.0
1315,730.877778,-873.746083,0.0
1316,730.556090,-874.128843,0.0
1317,730.234403,-874.511604,0.0
1318,729.912715,-874.894364,0.0
1319,729.591028,-875.277125,0.0
1320,729.269340,-875.659885,0.0
1321,728.947653,-876.042646,0.0
1322,728.625965,-876.425406,0.0
1323,728.304278,-876.808167,0.0
1324,727.982590,-877.190927,0.0
1325,727.660903,-877.573688,0.0
1326,727.339215,-877.956448,0.0
1327,727.017528,-878.339209,0.0
1328,726.695840,-878.721969,0.0
1329,726.374152,-879.104730,0.0
1330,726.052465,-879.487490,0.0
1331,725.730777,-879.870251,0.0
1332,725.409090,-880.253011,0.0
1333,725.087402,-880.635772,0.0
1334,724.765715,-881.018532,0.0
1335,724.444027,-881.401293,0.0
1336,724.122340,-881.784053,0.0
1337,723.800653,-882.166814,0.0
1338,723.478965,-882.549574,0.0
1339,723.157278,-882.932335,0.0
1340,722.996713,-883.123383,0.0
1341,720.899637,-881.380013,0.0
1342,720.575868,-881.761027,0.0
1343,720.252100,-882.142042,0.0
1344,719.928332,-882.523056,0.0
1345,719.604563,-882.904070,0.0
1346,719.280795,-883.285085,0.0
1347,718.957961,-883.666880,0.0
1348,718.635127,-884.048676,0.0
1349,718.312293,-884.430471,0.0
1350,717.989459,-884.812267,0.0
1351,717.666625,-885.194063,0.0
1352,717.343791,-885.575858,0.0
1353,717.021083,-885.957758,0.0
1354,716.698375,-886.339658,0.0
1355,716.375666,-886.721557,0.0
1356,716.052958,-887.103457,0.0
1357,715.730250,-887.485357,0.0
1358,715.407542,-887.867256,0.0
1359,715.084849,-888.249169,0.0
1360,714.762156,-888.631082,0.0
1361,714.439463,-889.012994,0.0
1362,714.116770,-889.394907,0.0
1363,713.794081,-889.776803,0.0
1364,713.471391,-890.158699,0.0
1365,713.148702,-890.540596,0.0
1366,712.826012,-890.922492,0.0
1367,712.503322,-891.304388,0.0
1368,712.180633,-891.686285,0.0
1369,711.857778,-892.068037,0.0
1370,711.534923,-892.449789,0.0
1371,711.212068,-892.831541,0.0
1372,710.889178,-893.213263,0.0
1373,710.566288,-893.594984,0.0
1374,710.243399,-893.976706,0.0
1375,709.920501,-894.358421,0.0
1376,709.597603,-894.740136,0.0
1377,709.274706,-895.121851,0.0
1378,708.951808,-895.503565,0.0
1379,708.628910,-895.885280,0.0
1380,708.305282,-896.266387,0.0
1381,707.981654,-896.647494,0.0
1382,707.658026,-897.028600,0.0
1383,707.334261,-897.409592,0.0
1384,707.010496,-897.790584,0.0
1385,706.686730,-898.171576,0.0
1386,706.363050,-898.552643,0.0
1387,706.039370,-898.933710,0.0
1388,705.715690,-899.314777,0.0
1389,705.392027,-899.695858,0.0
1390,705.068363,-900.076940,0.0
1391,704.744699,-900.458021,0.0
1392,704.421057,-900.839121,0.0
1393,704.097414,-901.220220,0.0
1394,703.773772,-901.601320,0.0
1395,703.450129,-901.982420,0.0
1396,703.126337,-902.363393,0.0
1397,702.802545,-902.744366,0.0
1398,702.478753,-903.125339,0.0
1399,702.154961,-903.506311,0.0
1400,701.860216,-903.853108,0.0
1401,701.860216,-903.853108,0.0
1402,701.522062,-904.221389,0.0
1403,701.183908,-904.589669,0.0
1404,700.845755,-904.957950,0.0
1405,700.507601,-905.326231,0.0
1406,700.169448,-905.694511,0.0
1407,699.831294,-906.062792,0.0
1408,699.493140,-906.431072,0.0
1409,699.154987,-906.799353,0.0
1410,698.816833,-907.167634,0.0
1411,698.483662,-907.540433,0.0
1412,698.150492,-907.913232,0.0
1413,697.817321,-908.286031,0.0
1414,697.484151,-908.658829,0.0
1415,697.150980,-909.031628,0.0
1416,696.818408,-909.404962,0.0
1417,696.485836,-909.778296,0.0
1418,696.153264,-910.151629,0.0
1419,695.820692,-910.524963,0.0
1420,695.488119,-910.898296,0.0
1421,695.155547,-911.271630,0.0
1422,694.827998,-911.649381,0.0
1423,694.500448,-912.027133,0.0
1424,694.172899,-912.404885,0.0
1425,693.845422,-912.782700,0.0
1426,693.517945,-913.160514,0.0
1427,693.190468,-913.538329,0.0
1428,692.862993,-913.916146,0.0
1429,692.535518,-914.293962,0.0
1430,692.208043,-914.671779,0.0
1431,691.880568,-915.049595,0.0
1432,691.553093,-915.427412,0.0
1433,691.225618,-915.805228,0.0
1434,690.902301,-916.186615,0.0
1435,690.578983,-916.568001,0.0
1436,690.255665,-916.949388,0.0
1437,689.932348,-917.330774,0.0
1438,689.609030,-917.712160,0.0
1439,689.285712,-918.093547,0.0
1440,688.962710,-918.475201,0.0
1441,688.639708,-918.856856,0.0
1442,688.316706,-919.238510,0.0
1443,687.993704,-919.620165,0.0
1444,687.670702,-920.001819,0.0
1445,687.347701,-920.383473,0.0
1446,687.024723,-920.765148,0.0
1447,686.701745,-921.146823,0.0
1448,686.378767,-921.528498,0.0
1449,686.055792,-921.910175,0.0
1450,685.732817,-922.291853,0.0
1451,685.409842,-922.673530,0.0
1452,685.119051,-923.017175,0.0
1453,685.119051,-923.017175,0.0
1454,684.788953,-923.392707,0.0
1455,684.458856,-923.768238,0.0
1456,684.128759,-924.143770,0.0
1457,683.798661,-924.519302,0.0
1458,683.468564,-924.894834,0.0
1459,683.138467,-925.270365,0.0
1460,682.808369,-925.645897,0.0
1461,682.478272,-926.021429,0.0
1462,682.148174,-926.396960,0.0
1463,681.818077,-926.772492,0.0
1464,681.487980,-927.148024,0.0
1465,681.157882,-927.523556,0.0
1466,680.827785,-927.899087,0.0
1467,680.497688,-928.274619,0.0
1468,680.167590,-928.650151,0.0
1469,679.837493,-929.025682,0.0
1470,679.507396,-929.401214,0.0
1471,679.177298,-929.776746,0.0
1472,678.847201,-930.152278,0.0
1473,678.517103,-930.527809,0.0
1474,678.187006,-930.903341,0.0
1475,677.856909,-931.278873,0.0
1476,677.526811,-931.654404,0.0
1477,677.154486,-931.988114,0.0
1478,676.782160,-932.321824,0.0
1479,676.409834,-932.655534,0.0
1480,676.037032,-932.988712,0.0
1481,675.664229,-933.321890,0.0
1482,675.291427,-933.655067,0.0
1483,674.840788,-933.871617,0.0
1484,674.390149,-934.088167,0.0
1485,673.939509,-934.304717,0.0
1486,673.480206,-934.502217,0.0
1487,673.020902,-934.699717,0.0
1488,672.561598,-934.897217,0.0
1489,672.102294,-935.094717,0.0
1490,671.627139,-935.250362,0.0
1491,671.151984,-935.406008,0.0
1492,670.676829,-935.561653,0.0
1493,670.200702,-935.714296,0.0
1494,669.724576,-935.866939,0.0
1495,669.248450,-936.019582,0.0
1496,668.749502,-936.051970,0.0
1497,668.250554,-936.084358,0.0
1498,667.751607,-936.116745,0.0
1499,667.252659,-936.149133,0.0
1500,666.753711,-936.181521,0.0
1501,666.262440,-936.088509,0.0
1502,665.771170,-935.995497,0.0
1503,665.279899,-935.902485,0.0
1504,664.788628,-935.809473,0.0
1505,664.301834,-935.695325,0.0
1506,663.815040,-935.581176,0.0
1507,663.328246,-935.467027,0.0
1508,662.841452,-935.352879,0.0
1509,662.400490,-935.117258,0.0
1510,661.959528,-934.881637,0.0
1511,661.518566,-934.646016,0.0
1512,661.077604,-934.410396,0.0
1513,660.636642,-934.174775,0.0
1514,660.195679,-933.939154,0.0
1515,659.790992,-933.645517,0.0
1516,659.386305,-933.351880,0.0
1517,658.981618,-933.058243,0.0
1518,658.576931,-932.764606,0.0
1519,658.172244,-932.470969,0.0
1520,657.767997,-932.176725,0.0
1521,657.363750,-931.882482,0.0
1522,656.959503,-931.588239,0.0
1523,656.555256,-931.293996,0.0
1524,656.151009,-930.999753,0.0
1525,655.746771,-930.705498,0.0
1526,655.342533,-930.411243,0.0
1527,654.938294,-930.116988,0.0
1528,654.534056,-929.822733,0.0
1529,654.129817,-929.528478,0.0
1530,654.055611,-929.474461,0.0
1531,654.055611,-929.474461,0.0
1532,653.675386,-929.149775,0.0
1533,653.295161,-928.825089,0.0
1534,652.914936,-928.500402,0.0
1535,652.534711,-928.175716,0.0
1536,652.154486,-927.851030,0.0
1537,651.772787,-927.528120,0.0
1538,651.391088,-927.205210,0.0
1539,651.009390,-926.882301,0.0
1540,650.627630,-926.559466,0.0
1541,650.245870,-926.236631,0.0
1542,649.864110,-925.913796,0.0
1543,649.482347,-925.590964,0.0
1544,649.100584,-925.268133,0.0
1545,648.718821,-924.945301,0.0
1546,648.337058,-924.622470,0.0
1547,647.955295,-924.299639,0.0
1548,647.573532,-923.976808,0.0
1549,647.191769,-923.653976,0.0
1550,646.810007,-923.331144,0.0
1551,646.428244,-923.008313,0.0
1552,646.046481,-922.685481,0.0
1553,645.664719,-922.362650,0.0
1554,645.282956,-922.039818,0.0
1555,644.901193,-921.716987,0.0
1556,644.519430,-921.394155,0.0
1557,644.137667,-921.071324,0.0
1558,643.755904,-920.748493,0.0
1559,643.374141,-920.425662,0.0
1560,642.992378,-920.102830,0.0
1561,642.610615,-919.779999,0.0
1562,642.228853,-919.457167,0.0
1563,641.847090,-919.134335,0.0
1564,641.465327,-918.811504,0.0
1565,641.083565,-918.488672,0.0
1566,640.701802,-918.165841,0.0
1567,640.320038,-917.843011,0.0
1568,639.937869,-917.520678,0.0
1569,639.555700,-917.198345,0.0
1570,639.173531,-916.876012,0.0
1571,638.791356,-916.553686,0.0
1572,638.409181,-916.231360,0.0
1573,638.027007,-915.909034,0.0
1574,637.644499,-915.587106,0.0
1575,637.261990,-915.265179,0.0
1576,636.879482,-914.943251,0.0
1577,636.496967,-914.621331,0.0
1578,636.114452,-914.299412,0.0
1579,635.731937,-913.977493,0.0
1580,635.349422,-913.655573,0.0
1581,634.966906,-913.333654,0.0
1582,634.584391,-913.011735,0.0
1583,634.201876,-912.689816,0.0
1584,633.819361,-912.367897,0.0
1585,633.436845,-912.045977,0.0
1586,633.055228,-911.723013,0.0
1587,632.673611,-911.400049,0.0
1588,632.291994,-911.077085,0.0
1589,631.910395,-910.754101,0.0
1590,631.528795,-910.431116,0.0
1591,631.147195,-910.108132,0.0
1592,630.765599,-909.785144,0.0
1593,630.384003,-909.462156,0.0
1594,630.002406,-909.139168,0.0
1595,629.620811,-908.816179,0.0
1596,629.239215,-908.493191,0.0
1597,628.857619,-908.170202,0.0
1598,628.579048,-907.934415,0.0
1599,628.579048,-907.934415,0.0
1600,628.197115,-907.611829,0.0
1601,627.815181,-907.289244,0.0
1602,627.433248,-906.966659,0.0
1603,627.051227,-906.644178,0.0
1604,626.669207,-906.321697,0.0
1605,626.287186,-905.999216,0.0
1606,625.905028,-905.676898,0.0
1607,625.522870,-905.354580,0.0
1608,625.140712,-905.032261,0.0
1609,624.758523,-904.709980,0.0
1610,624.376334,-904.387699,0.0
1611,623.994145,-904.065417,0.0
1612,623.611480,-903.743701,0.0
1613,623.228815,-903.421986,0.0
1614,622.846149,-903.100270,0.0
1615,622.463375,-902.778684,0.0
1616,622.080600,-902.457098,0.0
1617,621.697826,-902.135512,0.0
1618,621.315026,-901.813956,0.0
1619,620.932227,-901.492400,0.0
1620,620.549427,-901.170843,0.0
1621,620.166622,-900.849294,0.0
1622,619.783817,-900.527744,0.0
1623,619.401012,-900.206195,0.0
1624,619.018205,-899.884647,0.0
1625,618.635398,-899.563099,0.0
1626,618.252592,-899.241551,0.0
1627,617.869785,-898.920004,0.0
1628,617.486978,-898.598456,0.0
1629,617.104171,-898.276909,0.0
1630,616.721365,-897.955361,0.0
1631,616.338558,-897.633813,0.0
1632,615.955752,-897.312265,0.0
1633,615.573239,-896.990367,0.0
1634,615.190727,-896.668468,0.0
1635,614.808214,-896.346570,0.0
1636,614.425701,-896.024671,0.0
1637,614.043189,-895.702773,0.0
1638,613.660676,-895.380875,0.0
1639,613.278175,-895.058962,0.0
1640,612.895674,-894.737050,0.0
1641,612.513173,-894.415138,0.0
1642,612.130672,-894.093226,0.0
1643,611.748171,-893.771313,0.0
1644,611.365670,-893.449401,0.0
1645,610.982999,-893.127691,0.0
1646,610.600328,-892.805980,0.0
1647,610.217657,-892.484269,0.0
1648,609.834985,-892.162559,0.0
1649,609.452314,-891.840848,0.0
1650,609.069643,-891.519138,0.0
1651,608.686967,-891.197433,0.0
1652,608.304291,-890.875728,0.0
1653,607.921615,-890.554024,0.0
1654,607.538939,-890.232319,0.0
1655,607.156262,-889.910614,0.0
1656,606.773586,-889.588909,0.0
1657,606.390910,-889.267205,0.0
1658,606.008234,-888.945500,0.0
1659,605.625558,-888.623795,0.0
1660,605.242882,-888.302091,0.0
1661,604.860206,-887.980386,0.0
1662,604.860206,-887.980386,0.0
1663,604.822647,-887.481819,0.0
1664,604.785089,-886.983253,0.0
1665,604.747531,-886.484687,0.0
1666,604.709972,-885.986120,0.0
1667,604.672414,-885.487554,0.0
1668,604.634855,-884.988988,0.0
1669,604.597297,-884.490421,0.0
1670,604.723598,-884.006712,0.0
1671,604.849898,-883.523002,0.0
1672,604.976199,-883.039293,0.0
1673,605.102499,-882.555584,0.0
1674,605.383094,-882.141786,0.0
1675,605.663688,-881.727989,0.0
1676,605.944283,-881.314192,0.0
1677,606.224877,-880.900394,0.0
1678,606.550932,-880.521366,0.0
1679,606.876988,-880.142337,0.0
1680,607.203043,-879.763309,0.0
1681,607.529098,-879.384280,0.0
1682,607.863978,-879.013022,0.0
1683,608.198857,-878.641763,0.0
1684,608.533737,-878.270504,0.0
1685,608.552802,-878.249368,0.0
1686,608.552802,-878.249368,0.0
1687,608.866554,-877.860132,0.0
1688,609.180306,-877.470895,0.0
1689,609.494059,-877.081659,0.0
1690,609.807811,-876.692422,0.0
1691,610.121563,-876.303186,0.0
1692,610.435315,-875.913949,0.0
1693,610.757830,-875.531948,0.0
1694,611.080345,-875.149948,0.0
1695,611.402860,-874.767947,0.0
1696,611.725375,-874.385947,0.0
1697,612.048040,-874.004052,0.0
1698,612.370705,-873.622158,0.0
1699,612.693369,-873.240264,0.0
1700,613.016034,-872.858369,0.0
1701,613.338699,-872.476475,0.0
1702,613.661363,-872.094581,0.0
1703,613.983861,-871.712538,0.0
1704,614.306358,-871.330496,0.0
1705,614.628856,-870.948453,0.0
1706,614.951353,-870.566410,0.0
1707,615.273851,-870.184368,0.0
1708,615.596348,-869.802325,0.0
1709,615.919098,-869.420483,0.0
1710,616.241725,-869.038540,0.0
1711,616.564353,-868.656596,0.0
1712,616.886981,-868.274653,0.0
1713,617.209609,-867.892710,0.0
1714,617.532236,-867.510767,0.0
1715,617.855006,-867.128932,0.0
1716,618.177775,-866.747097,0.0
1717,618.500545,-866.365261,0.0
1718,618.823314,-865.983426,0.0
1719,619.146083,-865.601591,0.0
1720,619.468853,-865.219756,0.0
1721,619.792069,-864.838295,0.0
1722,620.114832,-864.456470,0.0
1723,620.437596,-864.074645,0.0
1724,620.760359,-863.692820,0.0
1725,621.083123,-863.310996,0.0
1726,621.405886,-862.929171,0.0
1727,621.728650,-862.547346,0.0
1728,622.050882,-862.165061,0.0
1729,622.373114,-861.782777,0.0
1730,622.695346,-861.400492,0.0
1731,623.017578,-861.018207,0.0
1732,623.339810,-860.635922,0.0
1733,623.662042,-860.253638,0.0
1734,623.984356,-859.871419,0.0
1735,624.306669,-859.489200,0.0
1736,624.628959,-859.106957,0.0
1737,624.951249,-858.724713,0.0
1738,625.273539,-858.342470,0.0
1739,625.595829,-857.960227,0.0
1740,625.918118,-857.577983,0.0
1741,626.240408,-857.195740,0.0
1742,626.563572,-856.814237,0.0
1743,626.886737,-856.432734,0.0
1744,627.209901,-856.051231,0.0
1745,627.533065,-855.669728,0.0
1746,627.856229,-855.288225,0.0
1747,628.179394,-854.906722,0.0
1748,628.502394,-854.525096,0.0
1749,628.825394,-854.143470,0.0
1750,629.147537,-853.761119,0.0
1751,629.469681,-853.378767,0.0
1752,629.791825,-852.996415,0.0
1753,630.113969,-852.614063,0.0
1754,630.436113,-852.231711,0.0
1755,630.758257,-851.849360,0.0
1756,631.080379,-851.466987,0.0
1757,631.402501,-851.084614,0.0
1758,631.724623,-850.702242,0.0
1759,632.046745,-850.319869,0.0
1760,632.368867,-849.937496,0.0
1761,632.690989,-849.555124,0.0
1762,633.013197,-849.172822,0.0
1763,633.335405,-848.790521,0.0
1764,633.656565,-848.407344,0.0
1765,633.977725,-848.024166,0.0
1766,634.298885,-847.640989,0.0
1767,634.620044,-847.257811,0.0
1768,634.941204,-846.874634,0.0
1769,635.262364,-846.491456,0.0
1770,635.583524,-846.108279,0.0
1771,635.905693,-845.725950,0.0
1772,636.227862,-845.343622,0.0
1773,636.550031,-844.961294,0.0
1774,636.872200,-844.578965,0.0
1775,637.194368,-844.196637,0.0
1776,637.515955,-843.813819,0.0
1777,637.837541,-843.431000,0.0
1778,638.159127,-843.048182,0.0
1779,638.480713,-842.665363,0.0
1780,638.802476,-842.282687,0.0
1781,639.124238,-841.900010,0.0
1782,639.446001,-841.517333,0.0
1783,639.767763,-841.134656,0.0
1784,640.089526,-840.751980,0.0
1785,640.411288,-840.369303,0.0
1786,640.733067,-839.986643,0.0
1787,641.054845,-839.603984,0.0
1788,641.376624,-839.221324,0.0
1789,641.698402,-838.838665,0.0
1790,642.020181,-838.456005,0.0
1791,642.341960,-838.073345,0.0
1792,642.663837,-837.690769,0.0
1793,642.985715,-837.308193,0.0
1794,643.307592,-836.925617,0.0
1795,643.629518,-836.543070,0.0
1796,643.951444,-836.160523,0.0
1797,644.273369,-835.777976,0.0
1798,644.595295,-835.395429,0.0
1799,644.917221,-835.012882,0.0
1800,645.239146,-834.630336,0.0
1801,645.562222,-834.248760,0.0
1802,645.885298,-833.867184,0.0
1803,646.208374,-833.485608,0.0
1804,646.531450,-833.104032,0.0
1805,646.854526,-832.722456,0.0
1806,647.176745,-832.340169,0.0
1807,647.498965,-831.957882,0.0
1808,647.821185,-831.575594,0.0
1809,648.143405,-831.193307,0.0
1810,648.465899,-830.811252,0.0
1811,648.788393,-830.429198,0.0
1812,649.110886,-830.047143,0.0
1813,649.433380,-829.665088,0.0
1814,649.755873,-829.283034,0.0
1815,650.078367,-828.900979,0.0
1816,650.400187,-828.518356,0.0
1817,650.722006,-828.135733,0.0
1818,651.043826,-827.753110,0.0
1819,651.365645,-827.370487,0.0
1820,651.687465,-826.987864,0.0
1821,652.009284,-826.605241,0.0
1822,652.330881,-826.222430,0.0
1823,652.652479,-825.839619,0.0
1824,652.974076,-825.456808,0.0
1825,653.295673,-825.073997,0.0
1826,653.617270,-824.691186,0.0
1827,653.939541,-824.308957,0.0
1828,654.261813,-823.926728,0.0
1829,654.584084,-823.544499,0.0
1830,654.906356,-823.162269,0.0
1831,655.228627,-822.780040,0.0
1832,655.550899,-822.397811,0.0
1833,655.872671,-822.015170,0.0
1834,656.194442,-821.632528,0.0
1835,656.516214,-821.249887,0.0
1836,656.837985,-820.867246,0.0
1837,657.159757,-820.484604,0.0
1838,657.481528,-820.101963,0.0
1839,657.803462,-819.719446,0.0
1840,658.125395,-819.336929,0.0
1841,658.447328,-818.954412,0.0
1842,658.769261,-818.571895,0.0
1843,659.094740,-818.192428,0.0
1844,659.420218,-817.812962,0.0
1845,659.745696,-817.433495,0.0
1846,660.071174,-817.054028,0.0
1847,660.396652,-816.674562,0.0
1848,660.722131,-816.295095,0.0
1849,661.047609,-815.915629,0.0
1850,661.373087,-815.536162,0.0
1851,661.698565,-815.156695,0.0
1852,662.024043,-814.777229,0.0
1853,662.353813,-814.401413,0.0
1854,662.683582,-814.025597,0.0
1855,663.013351,-813.649781,0.0
1856,663.343120,-813.273966,0.0
1857,663.672889,-812.898150,0.0
1858,663.886802,-812.654368,0.0
1859,663.886802,-812.654368,0.0
1860,664.204138,-812.267999,0.0
1861,664.521475,-811.881631,0.0
1862,664.838811,-811.495262,0.0
1863,665.156147,-811.108893,0.0
1864,665.473484,-810.722524,0.0
1865,665.790820,-810.336156,0.0
1866,666.111204,-809.952311,0.0
1867,666.431588,-809.568466,0.0
1868,666.751972,-809.184622,0.0
1869,667.072356,-808.800777,0.0
1870,667.392740,-808.416933,0.0
1871,667.714017,-808.033847,0.0
1872,668.035294,-807.650761,0.0
1873,668.356571,-807.267675,0.0
1874,668.677848,-806.884589,0.0
1875,668.999125,-806.501503,0.0
1876,669.320402,-806.118417,0.0
1877,669.641679,-805.735331,0.0
1878,669.964150,-805.353274,0.0
1879,670.286621,-804.971217,0.0
1880,670.609093,-804.589160,0.0
1881,670.931564,-804.207104,0.0
1882,671.254035,-803.825047,0.0
1883,671.575419,-803.442064,0.0
1884,671.896803,-803.059082,0.0
1885,672.218187,-802.676100,0.0
1886,672.539571,-802.293117,0.0
1887,672.860955,-801.910135,0.0
1888,673.182339,-801.527153,0.0
1889,673.503723,-801.144170,0.0
1890,673.823991,-800.760255,0.0
1891,674.144258,-800.376339,0.0
1892,674.464525,-799.992423,0.0
1893,674.784793,-799.608507,0.0
1894,675.105060,-799.224592,0.0
1895,675.157802,-799.161368,0.0
